Métrica,Estatística,p-valor
Accuracy,17.44466800804831,0.0037292979094301943
AUC OVO,24.737098344693397,0.00015659851735212363
Cross-Entropy,50.68571428571431,1.0030600485630157e-09
